--
-- PostgreSQL database dump
--

-- Dumped from database version 12.8 (Ubuntu 12.8-1.pgdg20.04+1)
-- Dumped by pg_dump version 14.0 (Ubuntu 14.0-1.pgdg20.04+1)

-- Started on 2021-10-18 14:59:24 -05

SET statement_timeout = 0;
SET lock_timeout = 0;
SET idle_in_transaction_session_timeout = 0;
SET client_encoding = 'UTF8';
SET standard_conforming_strings = on;
SELECT pg_catalog.set_config('search_path', '', false);
SET check_function_bodies = false;
SET xmloption = content;
SET client_min_messages = warning;
SET row_security = off;

--
-- TOC entry 3057 (class 1262 OID 20481)
-- Name: amt; Type: DATABASE; Schema: -; Owner: postgres
--

CREATE DATABASE amt WITH TEMPLATE = template0 ENCODING = 'UTF8' LOCALE = 'en_US.UTF-8';


ALTER DATABASE amt OWNER TO postgres;

\connect amt

SET statement_timeout = 0;
SET lock_timeout = 0;
SET idle_in_transaction_session_timeout = 0;
SET client_encoding = 'UTF8';
SET standard_conforming_strings = on;
SELECT pg_catalog.set_config('search_path', '', false);
SET check_function_bodies = false;
SET xmloption = content;
SET client_min_messages = warning;
SET row_security = off;

SET default_tablespace = '';

SET default_table_access_method = heap;

--
-- TOC entry 203 (class 1259 OID 20796)
-- Name: autos; Type: TABLE; Schema: public; Owner: postgres
--

CREATE TABLE public.autos (
    auto_id bigint NOT NULL,
    chasis character varying(255) NOT NULL,
    color character varying(50) NOT NULL,
    observacion character varying(300),
    placa character varying(10) NOT NULL,
    modelo_id bigint NOT NULL
);


ALTER TABLE public.autos OWNER TO postgres;

--
-- TOC entry 202 (class 1259 OID 20794)
-- Name: autos_auto_id_seq; Type: SEQUENCE; Schema: public; Owner: postgres
--

ALTER TABLE public.autos ALTER COLUMN auto_id ADD GENERATED BY DEFAULT AS IDENTITY (
    SEQUENCE NAME public.autos_auto_id_seq
    START WITH 1
    INCREMENT BY 1
    NO MINVALUE
    NO MAXVALUE
    CACHE 1
);


--
-- TOC entry 205 (class 1259 OID 20806)
-- Name: marcas; Type: TABLE; Schema: public; Owner: postgres
--

CREATE TABLE public.marcas (
    marca_id bigint NOT NULL,
    estado boolean NOT NULL,
    nombre character varying(255) NOT NULL,
    tipo_id bigint NOT NULL
);


ALTER TABLE public.marcas OWNER TO postgres;

--
-- TOC entry 204 (class 1259 OID 20804)
-- Name: marcas_marca_id_seq; Type: SEQUENCE; Schema: public; Owner: postgres
--

ALTER TABLE public.marcas ALTER COLUMN marca_id ADD GENERATED BY DEFAULT AS IDENTITY (
    SEQUENCE NAME public.marcas_marca_id_seq
    START WITH 1
    INCREMENT BY 1
    NO MINVALUE
    NO MAXVALUE
    CACHE 1
);


--
-- TOC entry 207 (class 1259 OID 20813)
-- Name: modelos; Type: TABLE; Schema: public; Owner: postgres
--

CREATE TABLE public.modelos (
    modelo_id bigint NOT NULL,
    estado boolean NOT NULL,
    nombre character varying(255) NOT NULL,
    marca_id bigint NOT NULL
);


ALTER TABLE public.modelos OWNER TO postgres;

--
-- TOC entry 206 (class 1259 OID 20811)
-- Name: modelos_modelo_id_seq; Type: SEQUENCE; Schema: public; Owner: postgres
--

ALTER TABLE public.modelos ALTER COLUMN modelo_id ADD GENERATED BY DEFAULT AS IDENTITY (
    SEQUENCE NAME public.modelos_modelo_id_seq
    START WITH 1
    INCREMENT BY 1
    NO MINVALUE
    NO MAXVALUE
    CACHE 1
);


--
-- TOC entry 209 (class 1259 OID 20820)
-- Name: movilizaciones; Type: TABLE; Schema: public; Owner: postgres
--

CREATE TABLE public.movilizaciones (
    movilizacion_id bigint NOT NULL,
    descripcion character varying(255) NOT NULL,
    estado boolean NOT NULL,
    fecha date NOT NULL,
    auto_id bigint NOT NULL,
    restriccion_id character varying(20) NOT NULL
);


ALTER TABLE public.movilizaciones OWNER TO postgres;

--
-- TOC entry 208 (class 1259 OID 20818)
-- Name: movilizaciones_movilizacion_id_seq; Type: SEQUENCE; Schema: public; Owner: postgres
--

ALTER TABLE public.movilizaciones ALTER COLUMN movilizacion_id ADD GENERATED BY DEFAULT AS IDENTITY (
    SEQUENCE NAME public.movilizaciones_movilizacion_id_seq
    START WITH 1
    INCREMENT BY 1
    NO MINVALUE
    NO MAXVALUE
    CACHE 1
);


--
-- TOC entry 210 (class 1259 OID 20825)
-- Name: restricciones; Type: TABLE; Schema: public; Owner: postgres
--

CREATE TABLE public.restricciones (
    restriccion_id character varying(20) NOT NULL,
    descripcion character varying(255) NOT NULL,
    estado boolean NOT NULL,
    fecha_creacion date NOT NULL,
    modificable boolean NOT NULL,
    valor_cadena character varying(255),
    valor_decimal double precision,
    valor_entero bigint
);


ALTER TABLE public.restricciones OWNER TO postgres;

--
-- TOC entry 212 (class 1259 OID 20835)
-- Name: roles; Type: TABLE; Schema: public; Owner: postgres
--

CREATE TABLE public.roles (
    rol_id bigint NOT NULL,
    estado boolean NOT NULL,
    nombre character varying(20) NOT NULL
);


ALTER TABLE public.roles OWNER TO postgres;

--
-- TOC entry 211 (class 1259 OID 20833)
-- Name: roles_rol_id_seq; Type: SEQUENCE; Schema: public; Owner: postgres
--

ALTER TABLE public.roles ALTER COLUMN rol_id ADD GENERATED BY DEFAULT AS IDENTITY (
    SEQUENCE NAME public.roles_rol_id_seq
    START WITH 1
    INCREMENT BY 1
    NO MINVALUE
    NO MAXVALUE
    CACHE 1
);


--
-- TOC entry 214 (class 1259 OID 20842)
-- Name: roles_usuarios; Type: TABLE; Schema: public; Owner: postgres
--

CREATE TABLE public.roles_usuarios (
    rol_usuario_id bigint NOT NULL,
    estado boolean NOT NULL,
    rol_id bigint NOT NULL,
    usuario_id bigint NOT NULL
);


ALTER TABLE public.roles_usuarios OWNER TO postgres;

--
-- TOC entry 213 (class 1259 OID 20840)
-- Name: roles_usuarios_rol_usuario_id_seq; Type: SEQUENCE; Schema: public; Owner: postgres
--

ALTER TABLE public.roles_usuarios ALTER COLUMN rol_usuario_id ADD GENERATED BY DEFAULT AS IDENTITY (
    SEQUENCE NAME public.roles_usuarios_rol_usuario_id_seq
    START WITH 1
    INCREMENT BY 1
    NO MINVALUE
    NO MAXVALUE
    CACHE 1
);


--
-- TOC entry 216 (class 1259 OID 20849)
-- Name: tipos; Type: TABLE; Schema: public; Owner: postgres
--

CREATE TABLE public.tipos (
    tipo_id bigint NOT NULL,
    estado boolean NOT NULL,
    nombre character varying(255) NOT NULL
);


ALTER TABLE public.tipos OWNER TO postgres;

--
-- TOC entry 215 (class 1259 OID 20847)
-- Name: tipos_tipo_id_seq; Type: SEQUENCE; Schema: public; Owner: postgres
--

ALTER TABLE public.tipos ALTER COLUMN tipo_id ADD GENERATED BY DEFAULT AS IDENTITY (
    SEQUENCE NAME public.tipos_tipo_id_seq
    START WITH 1
    INCREMENT BY 1
    NO MINVALUE
    NO MAXVALUE
    CACHE 1
);


--
-- TOC entry 218 (class 1259 OID 20856)
-- Name: usuarios; Type: TABLE; Schema: public; Owner: postgres
--

CREATE TABLE public.usuarios (
    usuario_id bigint NOT NULL,
    enabled boolean NOT NULL,
    password character varying(60) NOT NULL,
    username character varying(20) NOT NULL
);


ALTER TABLE public.usuarios OWNER TO postgres;

--
-- TOC entry 217 (class 1259 OID 20854)
-- Name: usuarios_usuario_id_seq; Type: SEQUENCE; Schema: public; Owner: postgres
--

ALTER TABLE public.usuarios ALTER COLUMN usuario_id ADD GENERATED BY DEFAULT AS IDENTITY (
    SEQUENCE NAME public.usuarios_usuario_id_seq
    START WITH 1
    INCREMENT BY 1
    NO MINVALUE
    NO MAXVALUE
    CACHE 1
);


--
-- TOC entry 3036 (class 0 OID 20796)
-- Dependencies: 203
-- Data for Name: autos; Type: TABLE DATA; Schema: public; Owner: postgres
--

INSERT INTO public.autos (auto_id, chasis, color, observacion, placa, modelo_id) VALUES (1, 'KO', 'K', 'KO', 'PDF-1984', 1);


--
-- TOC entry 3038 (class 0 OID 20806)
-- Dependencies: 205
-- Data for Name: marcas; Type: TABLE DATA; Schema: public; Owner: postgres
--

INSERT INTO public.marcas (marca_id, estado, nombre, tipo_id) VALUES (1, true, 'NISSAN', 1);
INSERT INTO public.marcas (marca_id, estado, nombre, tipo_id) VALUES (2, true, 'KIA', 1);
INSERT INTO public.marcas (marca_id, estado, nombre, tipo_id) VALUES (3, true, 'CHEVROLET', 1);
INSERT INTO public.marcas (marca_id, estado, nombre, tipo_id) VALUES (4, true, 'NISSAN', 2);
INSERT INTO public.marcas (marca_id, estado, nombre, tipo_id) VALUES (5, true, 'NISSAN', 3);
INSERT INTO public.marcas (marca_id, estado, nombre, tipo_id) VALUES (6, true, 'NISSAN', 4);


--
-- TOC entry 3040 (class 0 OID 20813)
-- Dependencies: 207
-- Data for Name: modelos; Type: TABLE DATA; Schema: public; Owner: postgres
--

INSERT INTO public.modelos (modelo_id, estado, nombre, marca_id) VALUES (1, true, 'ALTIMA', 1);
INSERT INTO public.modelos (modelo_id, estado, nombre, marca_id) VALUES (2, true, 'NUEVO VERSA', 1);
INSERT INTO public.modelos (modelo_id, estado, nombre, marca_id) VALUES (3, true, 'LEAF', 1);
INSERT INTO public.modelos (modelo_id, estado, nombre, marca_id) VALUES (4, true, 'LEAF', 4);
INSERT INTO public.modelos (modelo_id, estado, nombre, marca_id) VALUES (5, true, 'KICKS', 5);
INSERT INTO public.modelos (modelo_id, estado, nombre, marca_id) VALUES (6, true, 'QASHQAI', 5);
INSERT INTO public.modelos (modelo_id, estado, nombre, marca_id) VALUES (7, true, 'X-TRIAL', 5);
INSERT INTO public.modelos (modelo_id, estado, nombre, marca_id) VALUES (8, true, 'FRONTIER', 6);


--
-- TOC entry 3042 (class 0 OID 20820)
-- Dependencies: 209
-- Data for Name: movilizaciones; Type: TABLE DATA; Schema: public; Owner: postgres
--



--
-- TOC entry 3043 (class 0 OID 20825)
-- Dependencies: 210
-- Data for Name: restricciones; Type: TABLE DATA; Schema: public; Owner: postgres
--

INSERT INTO public.restricciones (restriccion_id, descripcion, estado, fecha_creacion, modificable, valor_cadena, valor_decimal, valor_entero) VALUES ('PRM_LUN', 'LUNES', true, '2021-10-14', true, '0,1,2,3', NULL, 1);
INSERT INTO public.restricciones (restriccion_id, descripcion, estado, fecha_creacion, modificable, valor_cadena, valor_decimal, valor_entero) VALUES ('PRM_MAR', 'MARTES', true, '2021-10-14', true, '2,3,4,5', NULL, 2);
INSERT INTO public.restricciones (restriccion_id, descripcion, estado, fecha_creacion, modificable, valor_cadena, valor_decimal, valor_entero) VALUES ('PRM_MIE', 'MIERCOLES', true, '2021-10-14', true, '4,5,6,7', NULL, 3);
INSERT INTO public.restricciones (restriccion_id, descripcion, estado, fecha_creacion, modificable, valor_cadena, valor_decimal, valor_entero) VALUES ('PRM_JUE', 'JUEVES', true, '2021-10-14', true, '6,7,8,9', NULL, 4);
INSERT INTO public.restricciones (restriccion_id, descripcion, estado, fecha_creacion, modificable, valor_cadena, valor_decimal, valor_entero) VALUES ('PRM_VIE', 'VIERNES', true, '2021-10-14', true, '0,1,8,9', NULL, 5);
INSERT INTO public.restricciones (restriccion_id, descripcion, estado, fecha_creacion, modificable, valor_cadena, valor_decimal, valor_entero) VALUES ('PRM_SAB', 'SABADO', true, '2021-10-14', true, '', NULL, 6);
INSERT INTO public.restricciones (restriccion_id, descripcion, estado, fecha_creacion, modificable, valor_cadena, valor_decimal, valor_entero) VALUES ('PRM_DOM', 'DOMINGO', true, '2021-10-14', true, '', NULL, 7);


--
-- TOC entry 3045 (class 0 OID 20835)
-- Dependencies: 212
-- Data for Name: roles; Type: TABLE DATA; Schema: public; Owner: postgres
--

INSERT INTO public.roles (rol_id, estado, nombre) VALUES (1, true, 'ROLE_USER');
INSERT INTO public.roles (rol_id, estado, nombre) VALUES (2, true, 'ROLE_ADMIN');


--
-- TOC entry 3047 (class 0 OID 20842)
-- Dependencies: 214
-- Data for Name: roles_usuarios; Type: TABLE DATA; Schema: public; Owner: postgres
--

INSERT INTO public.roles_usuarios (rol_usuario_id, estado, rol_id, usuario_id) VALUES (1, true, 1, 1);
INSERT INTO public.roles_usuarios (rol_usuario_id, estado, rol_id, usuario_id) VALUES (2, true, 2, 2);


--
-- TOC entry 3049 (class 0 OID 20849)
-- Dependencies: 216
-- Data for Name: tipos; Type: TABLE DATA; Schema: public; Owner: postgres
--

INSERT INTO public.tipos (tipo_id, estado, nombre) VALUES (1, true, 'AUTOMOVILES');
INSERT INTO public.tipos (tipo_id, estado, nombre) VALUES (2, true, 'ELECTRICOS');
INSERT INTO public.tipos (tipo_id, estado, nombre) VALUES (3, true, 'SUVS');
INSERT INTO public.tipos (tipo_id, estado, nombre) VALUES (4, true, 'CAMIONETAS');


--
-- TOC entry 3051 (class 0 OID 20856)
-- Dependencies: 218
-- Data for Name: usuarios; Type: TABLE DATA; Schema: public; Owner: postgres
--

INSERT INTO public.usuarios (usuario_id, enabled, password, username) VALUES (1, true, '$2a$10$d3rZ6nZbwvJ1P5q3zVZkju1IZEjrHWi/Uv7r949pIKC4LMHEIAUvy', 'rene');
INSERT INTO public.usuarios (usuario_id, enabled, password, username) VALUES (2, true, '$2a$10$qTme6hMTZUgHKA0Wytbs7./PT3QHNj.kX8X9Jzn2riRiCouxEFEoq', 'admin');


--
-- TOC entry 3058 (class 0 OID 0)
-- Dependencies: 202
-- Name: autos_auto_id_seq; Type: SEQUENCE SET; Schema: public; Owner: postgres
--

SELECT pg_catalog.setval('public.autos_auto_id_seq', 1, true);


--
-- TOC entry 3059 (class 0 OID 0)
-- Dependencies: 204
-- Name: marcas_marca_id_seq; Type: SEQUENCE SET; Schema: public; Owner: postgres
--

SELECT pg_catalog.setval('public.marcas_marca_id_seq', 1, false);


--
-- TOC entry 3060 (class 0 OID 0)
-- Dependencies: 206
-- Name: modelos_modelo_id_seq; Type: SEQUENCE SET; Schema: public; Owner: postgres
--

SELECT pg_catalog.setval('public.modelos_modelo_id_seq', 1, false);


--
-- TOC entry 3061 (class 0 OID 0)
-- Dependencies: 208
-- Name: movilizaciones_movilizacion_id_seq; Type: SEQUENCE SET; Schema: public; Owner: postgres
--

SELECT pg_catalog.setval('public.movilizaciones_movilizacion_id_seq', 1, false);


--
-- TOC entry 3062 (class 0 OID 0)
-- Dependencies: 211
-- Name: roles_rol_id_seq; Type: SEQUENCE SET; Schema: public; Owner: postgres
--

SELECT pg_catalog.setval('public.roles_rol_id_seq', 2, true);


--
-- TOC entry 3063 (class 0 OID 0)
-- Dependencies: 213
-- Name: roles_usuarios_rol_usuario_id_seq; Type: SEQUENCE SET; Schema: public; Owner: postgres
--

SELECT pg_catalog.setval('public.roles_usuarios_rol_usuario_id_seq', 2, true);


--
-- TOC entry 3064 (class 0 OID 0)
-- Dependencies: 215
-- Name: tipos_tipo_id_seq; Type: SEQUENCE SET; Schema: public; Owner: postgres
--

SELECT pg_catalog.setval('public.tipos_tipo_id_seq', 1, false);


--
-- TOC entry 3065 (class 0 OID 0)
-- Dependencies: 217
-- Name: usuarios_usuario_id_seq; Type: SEQUENCE SET; Schema: public; Owner: postgres
--

SELECT pg_catalog.setval('public.usuarios_usuario_id_seq', 2, true);


--
-- TOC entry 2881 (class 2606 OID 20803)
-- Name: autos autos_pkey; Type: CONSTRAINT; Schema: public; Owner: postgres
--

ALTER TABLE ONLY public.autos
    ADD CONSTRAINT autos_pkey PRIMARY KEY (auto_id);


--
-- TOC entry 2887 (class 2606 OID 20810)
-- Name: marcas marcas_pkey; Type: CONSTRAINT; Schema: public; Owner: postgres
--

ALTER TABLE ONLY public.marcas
    ADD CONSTRAINT marcas_pkey PRIMARY KEY (marca_id);


--
-- TOC entry 2889 (class 2606 OID 20817)
-- Name: modelos modelos_pkey; Type: CONSTRAINT; Schema: public; Owner: postgres
--

ALTER TABLE ONLY public.modelos
    ADD CONSTRAINT modelos_pkey PRIMARY KEY (modelo_id);


--
-- TOC entry 2891 (class 2606 OID 20824)
-- Name: movilizaciones movilizaciones_pkey; Type: CONSTRAINT; Schema: public; Owner: postgres
--

ALTER TABLE ONLY public.movilizaciones
    ADD CONSTRAINT movilizaciones_pkey PRIMARY KEY (movilizacion_id);


--
-- TOC entry 2893 (class 2606 OID 20832)
-- Name: restricciones restricciones_pkey; Type: CONSTRAINT; Schema: public; Owner: postgres
--

ALTER TABLE ONLY public.restricciones
    ADD CONSTRAINT restricciones_pkey PRIMARY KEY (restriccion_id);


--
-- TOC entry 2895 (class 2606 OID 20839)
-- Name: roles roles_pkey; Type: CONSTRAINT; Schema: public; Owner: postgres
--

ALTER TABLE ONLY public.roles
    ADD CONSTRAINT roles_pkey PRIMARY KEY (rol_id);


--
-- TOC entry 2897 (class 2606 OID 20846)
-- Name: roles_usuarios roles_usuarios_pkey; Type: CONSTRAINT; Schema: public; Owner: postgres
--

ALTER TABLE ONLY public.roles_usuarios
    ADD CONSTRAINT roles_usuarios_pkey PRIMARY KEY (rol_usuario_id);


--
-- TOC entry 2899 (class 2606 OID 20853)
-- Name: tipos tipos_pkey; Type: CONSTRAINT; Schema: public; Owner: postgres
--

ALTER TABLE ONLY public.tipos
    ADD CONSTRAINT tipos_pkey PRIMARY KEY (tipo_id);


--
-- TOC entry 2883 (class 2606 OID 20862)
-- Name: autos uk_o9k3b079u6kwuwjeg6snb16rr; Type: CONSTRAINT; Schema: public; Owner: postgres
--

ALTER TABLE ONLY public.autos
    ADD CONSTRAINT uk_o9k3b079u6kwuwjeg6snb16rr UNIQUE (chasis);


--
-- TOC entry 2885 (class 2606 OID 20864)
-- Name: autos uk_skx0aohouwhbpf690mmda21wh; Type: CONSTRAINT; Schema: public; Owner: postgres
--

ALTER TABLE ONLY public.autos
    ADD CONSTRAINT uk_skx0aohouwhbpf690mmda21wh UNIQUE (placa);


--
-- TOC entry 2901 (class 2606 OID 20860)
-- Name: usuarios usuarios_pkey; Type: CONSTRAINT; Schema: public; Owner: postgres
--

ALTER TABLE ONLY public.usuarios
    ADD CONSTRAINT usuarios_pkey PRIMARY KEY (usuario_id);


--
-- TOC entry 2903 (class 2606 OID 20870)
-- Name: marcas fk7cfr0k1dhbf9m3ml6kvoai797; Type: FK CONSTRAINT; Schema: public; Owner: postgres
--

ALTER TABLE ONLY public.marcas
    ADD CONSTRAINT fk7cfr0k1dhbf9m3ml6kvoai797 FOREIGN KEY (tipo_id) REFERENCES public.tipos(tipo_id);


--
-- TOC entry 2907 (class 2606 OID 20890)
-- Name: roles_usuarios fk8h8m9o9mj4si1cj6d58xxc79l; Type: FK CONSTRAINT; Schema: public; Owner: postgres
--

ALTER TABLE ONLY public.roles_usuarios
    ADD CONSTRAINT fk8h8m9o9mj4si1cj6d58xxc79l FOREIGN KEY (rol_id) REFERENCES public.roles(rol_id);


--
-- TOC entry 2904 (class 2606 OID 20875)
-- Name: modelos fkfwmnvprqtv5jc4t60c076mj7h; Type: FK CONSTRAINT; Schema: public; Owner: postgres
--

ALTER TABLE ONLY public.modelos
    ADD CONSTRAINT fkfwmnvprqtv5jc4t60c076mj7h FOREIGN KEY (marca_id) REFERENCES public.marcas(marca_id);


--
-- TOC entry 2908 (class 2606 OID 20895)
-- Name: roles_usuarios fkghiaab413trbw9sho9o48klhp; Type: FK CONSTRAINT; Schema: public; Owner: postgres
--

ALTER TABLE ONLY public.roles_usuarios
    ADD CONSTRAINT fkghiaab413trbw9sho9o48klhp FOREIGN KEY (usuario_id) REFERENCES public.usuarios(usuario_id);


--
-- TOC entry 2906 (class 2606 OID 20885)
-- Name: movilizaciones fkh8o8b1ceego0jj92mv6bboism; Type: FK CONSTRAINT; Schema: public; Owner: postgres
--

ALTER TABLE ONLY public.movilizaciones
    ADD CONSTRAINT fkh8o8b1ceego0jj92mv6bboism FOREIGN KEY (restriccion_id) REFERENCES public.restricciones(restriccion_id);


--
-- TOC entry 2905 (class 2606 OID 20880)
-- Name: movilizaciones fklwtetqe3p8jfpj8cgkas78hql; Type: FK CONSTRAINT; Schema: public; Owner: postgres
--

ALTER TABLE ONLY public.movilizaciones
    ADD CONSTRAINT fklwtetqe3p8jfpj8cgkas78hql FOREIGN KEY (auto_id) REFERENCES public.autos(auto_id);


--
-- TOC entry 2902 (class 2606 OID 20865)
-- Name: autos fks40swyk85xnvxas4gx4jrm9j2; Type: FK CONSTRAINT; Schema: public; Owner: postgres
--

ALTER TABLE ONLY public.autos
    ADD CONSTRAINT fks40swyk85xnvxas4gx4jrm9j2 FOREIGN KEY (modelo_id) REFERENCES public.modelos(modelo_id);


-- Completed on 2021-10-18 14:59:25 -05

--
-- PostgreSQL database dump complete
--

